"director_id","content_id","last_updated"
1,1,"2017-12-20 11:24:08.991277"
1,2,"2017-12-20 11:24:12.532625"
2,2,"2017-12-20 11:24:12.532625"
3,2,"2017-12-20 11:24:12.532625"
4,3,"2017-12-20 11:24:18.166874"
5,3,"2017-12-20 11:24:18.166874"
6,3,"2017-12-20 11:24:18.166874"
7,3,"2017-12-20 11:24:18.166874"
8,4,"2017-12-20 11:24:35.204491"
9,4,"2017-12-20 11:24:35.204491"
10,4,"2017-12-20 11:24:35.204491"
11,4,"2017-12-20 11:24:35.204491"
12,4,"2017-12-20 11:24:35.204491"
13,5,"2017-12-20 11:24:49.290263"
14,5,"2017-12-20 11:24:49.290263"
15,5,"2017-12-20 11:24:49.290263"
16,6,"2017-12-20 11:24:53.750484"
17,6,"2017-12-20 11:24:53.750484"
18,6,"2017-12-20 11:24:53.750484"
19,6,"2017-12-20 11:24:53.750484"
20,7,"2017-12-20 11:25:16.667896"
21,7,"2017-12-20 11:25:16.667896"
22,7,"2017-12-20 11:25:16.667896"
23,7,"2017-12-20 11:25:16.667896"
24,7,"2017-12-20 11:25:16.667896"
25,8,"2017-12-20 11:42:04.880547"
26,8,"2017-12-20 11:42:04.880547"
27,8,"2017-12-20 11:42:04.880547"
28,9,"2017-12-20 11:42:13.237367"
29,9,"2017-12-20 11:42:13.237367"
17,9,"2017-12-20 11:42:13.237367"
30,10,"2017-12-20 11:42:39.273095"
31,10,"2017-12-20 11:42:39.273095"
32,10,"2017-12-20 11:42:39.273095"
33,11,"2017-12-20 11:42:55.151911"
34,11,"2017-12-20 11:42:55.151911"
35,11,"2017-12-20 11:42:55.151911"
36,12,"2017-12-20 11:43:00.653633"
37,12,"2017-12-20 11:43:00.653633"
38,12,"2017-12-20 11:43:00.653633"
39,13,"2017-12-20 11:43:33.771776"
40,13,"2017-12-20 11:43:33.771776"
41,13,"2017-12-20 11:43:33.771776"
42,14,"2017-12-20 11:43:42.359106"
43,14,"2017-12-20 11:43:42.359106"
17,14,"2017-12-20 11:43:42.359106"
44,15,"2017-12-20 11:44:03.693316"
45,15,"2017-12-20 11:44:03.693316"
46,15,"2017-12-20 11:44:03.693316"
47,16,"2017-12-20 11:44:46.735101"
48,16,"2017-12-20 11:44:46.735101"
17,16,"2017-12-20 11:44:46.735101"
49,16,"2017-12-20 11:44:46.735101"
50,16,"2017-12-20 11:44:46.735101"
1,17,"2017-12-20 11:45:07.828753"
51,17,"2017-12-20 11:45:07.828753"
52,17,"2017-12-20 11:45:07.828753"
53,18,"2017-12-20 11:45:18.13185"
54,19,"2017-12-20 11:45:23.124597"
55,19,"2017-12-20 11:45:23.124597"
56,19,"2017-12-20 11:45:23.124597"
57,20,"2017-12-20 11:45:47.937993"
58,20,"2017-12-20 11:45:47.937993"
59,20,"2017-12-20 11:45:47.937993"
60,21,"2017-12-20 11:45:58.94615"
61,21,"2017-12-20 11:45:58.94615"
62,21,"2017-12-20 11:45:58.94615"
63,22,"2017-12-20 11:46:06.774384"
64,22,"2017-12-20 11:46:06.774384"
65,22,"2017-12-20 11:46:06.774384"
61,23,"2017-12-20 11:46:13.667665"
66,23,"2017-12-20 11:46:13.667665"
67,24,"2017-12-20 11:46:25.619518"
68,24,"2017-12-20 11:46:25.619518"
69,24,"2017-12-20 11:46:25.619518"
70,24,"2017-12-20 11:46:25.619518"
71,25,"2017-12-20 11:46:37.780231"
72,25,"2017-12-20 11:46:37.780231"
73,25,"2017-12-20 11:46:37.780231"
74,26,"2017-12-20 11:46:45.683587"
75,26,"2017-12-20 11:46:45.683587"
41,26,"2017-12-20 11:46:45.683587"
76,26,"2017-12-20 11:46:45.683587"
77,27,"2017-12-20 11:47:00.133098"
78,27,"2017-12-20 11:47:00.133098"
79,27,"2017-12-20 11:47:00.133098"
80,27,"2017-12-20 11:47:00.133098"
81,28,"2017-12-20 11:47:50.458743"
82,28,"2017-12-20 11:47:50.458743"
83,28,"2017-12-20 11:47:50.458743"
84,28,"2017-12-20 11:47:50.458743"
85,29,"2017-12-20 11:48:29.797625"
86,29,"2017-12-20 11:48:29.797625"
87,29,"2017-12-20 11:48:29.797625"
88,29,"2017-12-20 11:48:29.797625"
89,30,"2017-12-20 11:48:37.425333"
90,30,"2017-12-20 11:48:37.425333"
91,30,"2017-12-20 11:48:37.425333"
92,30,"2017-12-20 11:48:37.425333"
93,30,"2017-12-20 11:48:37.425333"
94,30,"2017-12-20 11:48:37.425333"
95,31,"2017-12-20 11:48:49.591802"
96,31,"2017-12-20 11:48:49.591802"
26,31,"2017-12-20 11:48:49.591802"
97,32,"2017-12-20 11:48:56.79803"
98,32,"2017-12-20 11:48:56.79803"
99,32,"2017-12-20 11:48:56.79803"
100,32,"2017-12-20 11:48:56.79803"
64,33,"2017-12-20 11:49:04.234126"
101,34,"2017-12-20 11:49:13.530022"
102,34,"2017-12-20 11:49:13.530022"
103,34,"2017-12-20 11:49:13.530022"
104,35,"2017-12-20 11:51:57.530004"
105,35,"2017-12-20 11:51:57.530004"
106,35,"2017-12-20 11:51:57.530004"
107,36,"2017-12-20 11:52:01.927956"
108,36,"2017-12-20 11:52:01.927956"
109,36,"2017-12-20 11:52:01.927956"
110,37,"2017-12-20 11:52:09.520425"
111,37,"2017-12-20 11:52:09.520425"
112,37,"2017-12-20 11:52:09.520425"
113,37,"2017-12-20 11:52:09.520425"
79,37,"2017-12-20 11:52:09.520425"
114,38,"2017-12-20 12:03:20.079252"
115,38,"2017-12-20 12:03:20.079252"
116,38,"2017-12-20 12:03:20.079252"
1,39,"2017-12-20 12:03:57.185406"
117,39,"2017-12-20 12:03:57.185406"
118,39,"2017-12-20 12:03:57.185406"
1,40,"2017-12-20 12:04:00.80993"
119,40,"2017-12-20 12:04:00.80993"
120,40,"2017-12-20 12:04:00.80993"
121,41,"2017-12-20 12:07:12.368259"
122,41,"2017-12-20 12:07:12.368259"
123,42,"2017-12-20 12:07:27.876776"
124,42,"2017-12-20 12:07:27.876776"
125,42,"2017-12-20 12:07:27.876776"
64,42,"2017-12-20 12:07:27.876776"
126,42,"2017-12-20 12:07:27.876776"
127,43,"2017-12-20 12:15:19.261813"
1,43,"2017-12-20 12:15:19.261813"
128,43,"2017-12-20 12:15:19.261813"
64,44,"2017-12-20 12:15:23.813326"
129,44,"2017-12-20 12:15:23.813326"
130,45,"2017-12-20 12:15:30.235225"
131,45,"2017-12-20 12:15:30.235225"
132,45,"2017-12-20 12:15:30.235225"
133,45,"2017-12-20 12:15:30.235225"
134,46,"2017-12-20 12:15:41.857742"
64,46,"2017-12-20 12:15:41.857742"
64,47,"2017-12-20 12:16:10.361211"
135,47,"2017-12-20 12:16:10.361211"
64,48,"2017-12-20 12:16:18.534928"
136,49,"2017-12-20 12:16:54.009152"
137,49,"2017-12-20 12:16:54.009152"
138,49,"2017-12-20 12:16:54.009152"
139,49,"2017-12-20 12:16:54.009152"
140,49,"2017-12-20 12:16:54.009152"
141,49,"2017-12-20 12:16:54.009152"
142,50,"2017-12-20 12:17:34.459053"
143,50,"2017-12-20 12:17:34.459053"
144,50,"2017-12-20 12:17:34.459053"
145,51,"2017-12-20 12:17:46.457397"
146,51,"2017-12-20 12:17:46.457397"
147,51,"2017-12-20 12:17:46.457397"
141,51,"2017-12-20 12:17:46.457397"
45,51,"2017-12-20 12:17:46.457397"
148,52,"2017-12-20 12:18:20.443479"
149,52,"2017-12-20 12:18:20.443479"
79,52,"2017-12-20 12:18:20.443479"
150,53,"2017-12-20 12:30:12.653624"
151,53,"2017-12-20 12:30:12.653624"
152,54,"2017-12-20 12:30:18.881446"
153,54,"2017-12-20 12:30:18.881446"
153,54,"2017-12-20 12:30:18.881446"
154,55,"2017-12-20 12:30:29.179876"
155,55,"2017-12-20 12:30:29.179876"
156,55,"2017-12-20 12:30:29.179876"
157,55,"2017-12-20 12:30:29.179876"
41,55,"2017-12-20 12:30:29.179876"
158,55,"2017-12-20 12:30:29.179876"
159,56,"2017-12-20 12:50:09.411909"
160,56,"2017-12-20 12:50:09.411909"
161,56,"2017-12-20 12:50:09.411909"
162,56,"2017-12-20 12:50:09.411909"
163,57,"2017-12-20 12:50:29.444184"
164,57,"2017-12-20 12:50:29.444184"
165,57,"2017-12-20 12:50:29.444184"
166,57,"2017-12-20 12:50:29.444184"
64,57,"2017-12-20 12:50:29.444184"
17,57,"2017-12-20 12:50:29.444184"
167,58,"2017-12-20 12:50:39.749636"
168,58,"2017-12-20 12:50:39.749636"
169,58,"2017-12-20 12:50:39.749636"
170,58,"2017-12-20 12:50:39.749636"
171,58,"2017-12-20 12:50:39.749636"
172,58,"2017-12-20 12:50:39.749636"
173,59,"2017-12-20 14:07:52.274492"
174,59,"2017-12-20 14:07:52.274492"
175,59,"2017-12-20 14:07:52.274492"
176,59,"2017-12-20 14:07:52.274492"
177,59,"2017-12-20 14:07:52.274492"
178,60,"2017-12-20 14:09:11.779088"
179,60,"2017-12-20 14:09:11.779088"
180,60,"2017-12-20 14:09:11.779088"
181,61,"2017-12-20 14:09:16.338166"
182,61,"2017-12-20 14:09:16.338166"
183,61,"2017-12-20 14:09:16.338166"
184,62,"2017-12-20 14:09:24.675846"
185,62,"2017-12-20 14:09:24.675846"
186,63,"2017-12-20 14:09:32.540679"
187,63,"2017-12-20 14:09:32.540679"
188,63,"2017-12-20 14:09:32.540679"
189,64,"2017-12-20 14:09:36.460604"
190,64,"2017-12-20 14:09:36.460604"
170,64,"2017-12-20 14:09:36.460604"
191,64,"2017-12-20 14:09:36.460604"
192,64,"2017-12-20 14:09:36.460604"
193,65,"2017-12-20 14:09:55.02479"
194,65,"2017-12-20 14:09:55.02479"
195,66,"2017-12-20 14:10:04.710978"
196,66,"2017-12-20 14:10:04.710978"
197,67,"2017-12-20 14:10:55.608685"
198,67,"2017-12-20 14:10:55.608685"
17,67,"2017-12-20 14:10:55.608685"
199,67,"2017-12-20 14:10:55.608685"
64,68,"2017-12-20 14:11:09.304277"
81,69,"2017-12-20 14:11:24.426513"
200,69,"2017-12-20 14:11:24.426513"
201,70,"2017-12-20 14:11:59.023095"
202,70,"2017-12-20 14:11:59.023095"
203,70,"2017-12-20 14:11:59.023095"
204,71,"2017-12-20 14:12:06.285013"
205,71,"2017-12-20 14:12:06.285013"
206,71,"2017-12-20 14:12:06.285013"
207,72,"2017-12-20 14:36:50.304631"
208,72,"2017-12-20 14:36:50.304631"
209,72,"2017-12-20 14:36:50.304631"
64,72,"2017-12-20 14:36:50.304631"
210,73,"2017-12-20 14:37:05.161263"
211,73,"2017-12-20 14:37:05.161263"
212,73,"2017-12-20 14:37:05.161263"
213,73,"2017-12-20 14:37:05.161263"
214,74,"2017-12-20 14:37:39.911755"
195,74,"2017-12-20 14:37:39.911755"
196,74,"2017-12-20 14:37:39.911755"
215,75,"2017-12-20 14:38:42.582823"
17,75,"2017-12-20 14:38:42.582823"
216,75,"2017-12-20 14:38:42.582823"
217,75,"2017-12-20 14:38:42.582823"
218,76,"2017-12-20 15:10:59.972239"
219,76,"2017-12-20 15:10:59.972239"
220,76,"2017-12-20 15:10:59.972239"
221,77,"2017-12-20 15:11:06.114414"
222,77,"2017-12-20 15:11:06.114414"
223,77,"2017-12-20 15:11:06.114414"
41,77,"2017-12-20 15:11:06.114414"
64,78,"2017-12-20 15:11:13.170589"
184,79,"2017-12-20 15:21:24.552403"
185,79,"2017-12-20 15:21:24.552403"
224,80,"2017-12-20 15:21:33.411324"
225,80,"2017-12-20 15:21:33.411324"
45,80,"2017-12-20 15:21:33.411324"
226,80,"2017-12-20 15:21:33.411324"
227,81,"2017-12-20 15:30:02.3298"
228,81,"2017-12-20 15:30:02.3298"
75,81,"2017-12-20 15:30:02.3298"
229,82,"2017-12-20 15:37:51.426648"
230,82,"2017-12-20 15:37:51.426648"
231,82,"2017-12-20 15:37:51.426648"
232,82,"2017-12-20 15:37:51.426648"
140,82,"2017-12-20 15:37:51.426648"
4,83,"2017-12-20 15:41:02.857214"
233,83,"2017-12-20 15:41:02.857214"
5,83,"2017-12-20 15:41:02.857214"
234,83,"2017-12-20 15:41:02.857214"
6,83,"2017-12-20 15:41:02.857214"
235,84,"2017-12-20 15:41:15.881907"
236,84,"2017-12-20 15:41:15.881907"
237,84,"2017-12-20 15:41:15.881907"
238,84,"2017-12-20 15:41:15.881907"
239,85,"2017-12-20 15:41:45.733785"
240,85,"2017-12-20 15:41:45.733785"
241,85,"2017-12-20 15:41:45.733785"
64,86,"2017-12-20 15:41:50.450492"
64,87,"2017-12-20 15:41:56.587849"
242,88,"2017-12-20 15:42:03.330676"
243,88,"2017-12-20 15:42:03.330676"
94,88,"2017-12-20 15:42:03.330676"
161,88,"2017-12-20 15:42:03.330676"
244,89,"2017-12-20 15:42:11.766283"
245,89,"2017-12-20 15:42:11.766283"
246,89,"2017-12-20 15:42:11.766283"
149,89,"2017-12-20 15:42:11.766283"
79,89,"2017-12-20 15:42:11.766283"
247,90,"2017-12-20 15:42:39.388327"
248,90,"2017-12-20 15:42:39.388327"
24,90,"2017-12-20 15:42:39.388327"
249,91,"2017-12-20 15:42:58.397043"
61,91,"2017-12-20 15:42:58.397043"
250,91,"2017-12-20 15:42:58.397043"
251,92,"2017-12-20 15:43:21.008294"
252,93,"2017-12-20 15:43:27.858765"
253,93,"2017-12-20 15:43:27.858765"
254,94,"2017-12-20 15:43:35.831207"
255,94,"2017-12-20 15:43:35.831207"
58,95,"2017-12-20 15:43:43.483366"
256,95,"2017-12-20 15:43:43.483366"
257,95,"2017-12-20 15:43:43.483366"
258,96,"2017-12-20 15:43:59.893845"
259,96,"2017-12-20 15:43:59.893845"
260,96,"2017-12-20 15:43:59.893845"
261,97,"2017-12-20 15:44:06.909911"
262,98,"2017-12-20 15:46:13.759885"
263,98,"2017-12-20 15:46:13.759885"
264,98,"2017-12-20 15:46:13.759885"
265,99,"2017-12-20 15:46:23.279013"
266,99,"2017-12-20 15:46:23.279013"
41,99,"2017-12-20 15:46:23.279013"
41,99,"2017-12-20 15:46:23.279013"
267,100,"2017-12-20 15:49:28.34281"
183,100,"2017-12-20 15:49:28.34281"
268,101,"2017-12-20 15:49:43.286079"
269,101,"2017-12-20 15:49:43.286079"
7,101,"2017-12-20 15:49:43.286079"
270,101,"2017-12-20 15:49:43.286079"
271,102,"2017-12-20 15:52:12.822067"
98,102,"2017-12-20 15:52:12.822067"
272,102,"2017-12-20 15:52:12.822067"
273,102,"2017-12-20 15:52:12.822067"
274,103,"2017-12-20 15:52:23.598984"
23,103,"2017-12-20 15:52:23.598984"
64,103,"2017-12-20 15:52:23.598984"
275,103,"2017-12-20 15:52:23.598984"
64,104,"2017-12-20 15:56:24.146464"
276,105,"2017-12-20 15:56:32.808553"
277,105,"2017-12-20 15:56:32.808553"
278,105,"2017-12-20 15:56:32.808553"
279,105,"2017-12-20 15:56:32.808553"
280,106,"2017-12-20 15:59:59.561731"
281,106,"2017-12-20 15:59:59.561731"
282,107,"2017-12-20 16:05:39.019077"
283,107,"2017-12-20 16:05:39.019077"
284,107,"2017-12-20 16:05:39.019077"
285,108,"2017-12-20 16:05:43.207111"
286,109,"2017-12-20 16:17:42.207049"
121,109,"2017-12-20 16:17:42.207049"
287,109,"2017-12-20 16:17:42.207049"
288,110,"2017-12-20 16:17:53.285682"
289,110,"2017-12-20 16:17:53.285682"
290,110,"2017-12-20 16:17:53.285682"
136,111,"2017-12-20 16:18:00.976704"
291,111,"2017-12-20 16:18:00.976704"
292,111,"2017-12-20 16:18:00.976704"
141,111,"2017-12-20 16:18:00.976704"
293,111,"2017-12-20 16:18:00.976704"
185,112,"2017-12-20 16:18:27.919985"
294,113,"2017-12-20 16:18:40.596437"
295,114,"2017-12-20 16:19:11.286646"
79,114,"2017-12-20 16:19:11.286646"
296,115,"2017-12-20 16:20:25.793913"
297,115,"2017-12-20 16:20:25.793913"
298,116,"2017-12-20 16:21:04.050638"
58,116,"2017-12-20 16:21:04.050638"
59,116,"2017-12-20 16:21:04.050638"
299,116,"2017-12-20 16:21:04.050638"
111,117,"2017-12-20 16:58:57.737397"
300,117,"2017-12-20 16:58:57.737397"
301,117,"2017-12-20 16:58:57.737397"
302,117,"2017-12-20 16:58:57.737397"
113,117,"2017-12-20 16:58:57.737397"
64,118,"2017-12-20 16:59:48.616189"
303,119,"2017-12-20 21:36:01.108102"
304,119,"2017-12-20 21:36:01.108102"
257,119,"2017-12-20 21:36:01.108102"
305,120,"2017-12-20 21:36:24.573866"
306,120,"2017-12-20 21:36:24.573866"
307,121,"2017-12-20 21:49:25.053459"
308,121,"2017-12-20 21:49:25.053459"
309,121,"2017-12-20 21:49:25.053459"
310,121,"2017-12-20 21:49:25.053459"
311,122,"2017-12-20 21:50:07.302368"
312,122,"2017-12-20 21:50:07.302368"
313,122,"2017-12-20 21:50:07.302368"
299,123,"2017-12-20 21:50:23.371489"
195,123,"2017-12-20 21:50:23.371489"
314,124,"2017-12-20 21:50:49.415225"
315,124,"2017-12-20 21:50:49.415225"
316,124,"2017-12-20 21:50:49.415225"
170,124,"2017-12-20 21:50:49.415225"
172,124,"2017-12-20 21:50:49.415225"
317,125,"2017-12-20 21:51:44.709468"
318,125,"2017-12-20 21:51:44.709468"
319,125,"2017-12-20 21:51:44.709468"
320,126,"2017-12-20 21:51:52.147041"
29,126,"2017-12-20 21:51:52.147041"
321,126,"2017-12-20 21:51:52.147041"
322,127,"2017-12-20 22:00:01.956511"
323,127,"2017-12-20 22:00:01.956511"
324,127,"2017-12-20 22:00:01.956511"
140,127,"2017-12-20 22:00:01.956511"
254,128,"2017-12-20 22:06:41.570751"
141,128,"2017-12-20 22:06:41.570751"
147,128,"2017-12-20 22:06:41.570751"
45,128,"2017-12-20 22:06:41.570751"
325,129,"2017-12-20 22:07:00.901597"
326,129,"2017-12-20 22:07:00.901597"
327,129,"2017-12-20 22:07:00.901597"
328,129,"2017-12-20 22:07:00.901597"
329,129,"2017-12-20 22:07:00.901597"
330,129,"2017-12-20 22:07:00.901597"
64,130,"2017-12-20 22:07:18.391192"
331,131,"2017-12-20 22:07:28.925567"
332,131,"2017-12-20 22:07:28.925567"
333,131,"2017-12-20 22:07:28.925567"
334,131,"2017-12-20 22:07:28.925567"
17,131,"2017-12-20 22:07:28.925567"
335,132,"2017-12-20 22:07:40.894647"
336,132,"2017-12-20 22:07:40.894647"
337,132,"2017-12-20 22:07:40.894647"
338,132,"2017-12-20 22:07:40.894647"
339,132,"2017-12-20 22:07:40.894647"
340,133,"2017-12-20 22:07:48.217769"
341,134,"2017-12-20 22:08:05.271137"
45,134,"2017-12-20 22:08:05.271137"
342,134,"2017-12-20 22:08:05.271137"
343,134,"2017-12-20 22:08:05.271137"
111,135,"2017-12-21 10:01:21.162218"
344,135,"2017-12-21 10:01:21.162218"
345,135,"2017-12-21 10:01:21.162218"
113,135,"2017-12-21 10:01:21.162218"
302,135,"2017-12-21 10:01:21.162218"
346,135,"2017-12-21 10:01:21.162218"
347,136,"2017-12-21 10:01:32.452729"
348,136,"2017-12-21 10:01:32.452729"
349,136,"2017-12-21 10:01:32.452729"
350,136,"2017-12-21 10:01:32.452729"
27,137,"2017-12-21 10:02:09.57773"
351,137,"2017-12-21 10:02:09.57773"
352,137,"2017-12-21 10:02:09.57773"
353,138,"2017-12-21 10:02:17.88267"
354,138,"2017-12-21 10:02:17.88267"
87,138,"2017-12-21 10:02:17.88267"
88,138,"2017-12-21 10:02:17.88267"
355,139,"2017-12-21 10:19:50.658402"
356,139,"2017-12-21 10:19:50.658402"
357,140,"2017-12-21 10:24:40.818333"
358,140,"2017-12-21 10:24:40.818333"
359,140,"2017-12-21 10:24:40.818333"
360,140,"2017-12-21 10:24:40.818333"
361,141,"2017-12-21 10:24:47.944972"
44,141,"2017-12-21 10:24:47.944972"
362,142,"2017-12-21 10:26:42.971409"
363,142,"2017-12-21 10:26:42.971409"
364,142,"2017-12-21 10:26:42.971409"
148,143,"2017-12-21 10:27:45.699561"
365,143,"2017-12-21 10:27:45.699561"
366,144,"2017-12-21 10:32:39.639793"
367,144,"2017-12-21 10:32:39.639793"
368,144,"2017-12-21 10:32:39.639793"
369,144,"2017-12-21 10:32:39.639793"
370,145,"2017-12-21 10:44:18.22385"
17,145,"2017-12-21 10:44:18.22385"
371,145,"2017-12-21 10:44:18.22385"
372,145,"2017-12-21 10:44:18.22385"
22,146,"2017-12-21 10:44:35.119841"
173,147,"2017-12-21 10:44:48.931708"
174,147,"2017-12-21 10:44:48.931708"
236,147,"2017-12-21 10:44:48.931708"
373,147,"2017-12-21 10:44:48.931708"
374,147,"2017-12-21 10:44:48.931708"
248,148,"2017-12-21 10:44:56.354276"
253,148,"2017-12-21 10:44:56.354276"
375,148,"2017-12-21 10:44:56.354276"
376,149,"2017-12-21 10:45:34.472028"
377,149,"2017-12-21 10:45:34.472028"
378,149,"2017-12-21 10:45:34.472028"
379,149,"2017-12-21 10:45:34.472028"
64,150,"2017-12-21 10:45:54.966434"
64,151,"2017-12-21 10:46:06.721219"
64,152,"2017-12-21 10:46:12.989953"
380,152,"2017-12-21 10:46:12.989953"
381,153,"2017-12-21 10:51:33.610788"
382,154,"2017-12-21 10:52:06.19426"
383,154,"2017-12-21 10:52:06.19426"
384,154,"2017-12-21 10:52:06.19426"
385,155,"2017-12-21 10:52:56.24765"
195,155,"2017-12-21 10:52:56.24765"
196,155,"2017-12-21 10:52:56.24765"
386,156,"2017-12-21 10:53:17.26866"
387,156,"2017-12-21 10:53:17.26866"
214,156,"2017-12-21 10:53:17.26866"
388,157,"2017-12-21 10:53:56.799868"
389,157,"2017-12-21 10:53:56.799868"
390,157,"2017-12-21 10:53:56.799868"
391,157,"2017-12-21 10:53:56.799868"
392,157,"2017-12-21 10:53:56.799868"
393,157,"2017-12-21 10:53:56.799868"
285,158,"2017-12-21 10:54:03.307432"
355,158,"2017-12-21 10:54:03.307432"
111,159,"2017-12-21 10:54:16.234085"
113,159,"2017-12-21 10:54:16.234085"
302,159,"2017-12-21 10:54:16.234085"
79,159,"2017-12-21 10:54:16.234085"
394,160,"2017-12-21 10:54:26.573105"
395,160,"2017-12-21 10:54:26.573105"
396,160,"2017-12-21 10:54:26.573105"
397,161,"2017-12-21 10:56:22.348603"
398,161,"2017-12-21 10:56:22.348603"
399,161,"2017-12-21 10:56:22.348603"
400,161,"2017-12-21 10:56:22.348603"
401,162,"2017-12-21 10:56:57.527651"
402,162,"2017-12-21 10:56:57.527651"
40,163,"2017-12-21 10:59:56.005479"
403,164,"2017-12-21 11:00:01.837385"
55,164,"2017-12-21 11:00:01.837385"
404,164,"2017-12-21 11:00:01.837385"
286,165,"2017-12-21 11:00:17.599183"
364,165,"2017-12-21 11:00:17.599183"
405,165,"2017-12-21 11:00:17.599183"
209,166,"2017-12-21 11:00:49.352912"
406,166,"2017-12-21 11:00:49.352912"
407,166,"2017-12-21 11:00:49.352912"
408,167,"2017-12-21 11:00:56.176948"
409,167,"2017-12-21 11:00:56.176948"
392,167,"2017-12-21 11:00:56.176948"
410,167,"2017-12-21 11:00:56.176948"
411,167,"2017-12-21 11:00:56.176948"
61,168,"2017-12-21 11:01:06.007984"
412,168,"2017-12-21 11:01:06.007984"
413,168,"2017-12-21 11:01:06.007984"
414,169,"2017-12-21 11:01:20.77614"
45,169,"2017-12-21 11:01:20.77614"
415,170,"2017-12-21 11:01:27.504437"
416,170,"2017-12-21 11:01:27.504437"
417,171,"2017-12-21 11:01:37.321862"
418,171,"2017-12-21 11:01:37.321862"
419,171,"2017-12-21 11:01:37.321862"
420,171,"2017-12-21 11:01:37.321862"
261,172,"2017-12-21 11:01:51.297955"
421,173,"2017-12-21 11:01:59.751942"
154,173,"2017-12-21 11:01:59.751942"
422,173,"2017-12-21 11:01:59.751942"
41,173,"2017-12-21 11:01:59.751942"
226,173,"2017-12-21 11:01:59.751942"
423,174,"2017-12-21 11:02:26.07832"
424,174,"2017-12-21 11:02:26.07832"
425,174,"2017-12-21 11:02:26.07832"
426,174,"2017-12-21 11:02:26.07832"
427,175,"2017-12-21 11:02:51.292676"
428,175,"2017-12-21 11:02:51.292676"
404,175,"2017-12-21 11:02:51.292676"
429,175,"2017-12-21 11:02:51.292676"
430,176,"2017-12-21 11:03:12.521064"
431,176,"2017-12-21 11:03:12.521064"
432,176,"2017-12-21 11:03:12.521064"
433,176,"2017-12-21 11:03:12.521064"
434,177,"2017-12-21 11:03:55.277458"
435,177,"2017-12-21 11:03:55.277458"
436,177,"2017-12-21 11:03:55.277458"
437,178,"2017-12-21 11:04:09.329942"
438,178,"2017-12-21 11:04:09.329942"
439,178,"2017-12-21 11:04:09.329942"
440,179,"2017-12-21 11:04:18.769732"
441,179,"2017-12-21 11:04:18.769732"
442,179,"2017-12-21 11:04:18.769732"
443,180,"2017-12-21 11:04:31.417398"
444,180,"2017-12-21 11:04:31.417398"
445,180,"2017-12-21 11:04:31.417398"
446,181,"2017-12-21 11:04:36.756113"
447,181,"2017-12-21 11:04:36.756113"
448,181,"2017-12-21 11:04:36.756113"
449,181,"2017-12-21 11:04:36.756113"
450,181,"2017-12-21 11:04:36.756113"
451,181,"2017-12-21 11:04:36.756113"
452,182,"2017-12-21 11:04:58.038036"
151,183,"2017-12-21 11:05:04.562661"
453,184,"2017-12-21 11:09:54.664674"
454,184,"2017-12-21 11:09:54.664674"
356,184,"2017-12-21 11:09:54.664674"
79,184,"2017-12-21 11:09:54.664674"
455,184,"2017-12-21 11:09:54.664674"
434,185,"2017-12-21 11:34:30.733666"
436,185,"2017-12-21 11:34:30.733666"
456,186,"2017-12-21 11:34:43.324165"
457,186,"2017-12-21 11:34:43.324165"
458,186,"2017-12-21 11:34:43.324165"
459,186,"2017-12-21 11:34:43.324165"
436,186,"2017-12-21 11:34:43.324165"
460,187,"2017-12-21 11:34:53.366463"
461,187,"2017-12-21 11:34:53.366463"
88,187,"2017-12-21 11:34:53.366463"
462,187,"2017-12-21 11:34:53.366463"
463,188,"2017-12-21 11:35:18.847457"
464,188,"2017-12-21 11:35:18.847457"
207,188,"2017-12-21 11:35:18.847457"
465,188,"2017-12-21 11:35:18.847457"
466,188,"2017-12-21 11:35:18.847457"
467,189,"2017-12-21 11:35:25.541518"
468,189,"2017-12-21 11:35:25.541518"
469,189,"2017-12-21 11:35:25.541518"
470,190,"2017-12-21 11:35:45.61293"
471,190,"2017-12-21 11:35:45.61293"
286,190,"2017-12-21 11:35:45.61293"
472,191,"2017-12-21 11:35:53.564577"
473,191,"2017-12-21 11:35:53.564577"
55,191,"2017-12-21 11:35:53.564577"
8,192,"2017-12-21 11:36:06.848019"
474,192,"2017-12-21 11:36:06.848019"
10,192,"2017-12-21 11:36:06.848019"
475,192,"2017-12-21 11:36:06.848019"
476,193,"2017-12-21 11:39:19.588407"
477,193,"2017-12-21 11:39:19.588407"
478,193,"2017-12-21 11:39:19.588407"
141,193,"2017-12-21 11:39:19.588407"
479,193,"2017-12-21 11:39:19.588407"
480,193,"2017-12-21 11:39:19.588407"
114,195,"2017-12-21 11:39:55.270704"
115,195,"2017-12-21 11:39:55.270704"
481,195,"2017-12-21 11:39:55.270704"
116,195,"2017-12-21 11:39:55.270704"
482,196,"2017-12-21 11:40:13.945941"
195,196,"2017-12-21 11:40:13.945941"
483,197,"2017-12-21 11:43:32.899309"
484,197,"2017-12-21 11:43:32.899309"
485,197,"2017-12-21 11:43:32.899309"
297,197,"2017-12-21 11:43:32.899309"
486,198,"2017-12-21 11:43:48.910862"
487,198,"2017-12-21 11:43:48.910862"
64,198,"2017-12-21 11:43:48.910862"
64,199,"2017-12-21 11:43:54.493737"
488,199,"2017-12-21 11:43:54.493737"
489,200,"2017-12-21 11:44:01.964534"
490,200,"2017-12-21 11:44:01.964534"
491,200,"2017-12-21 11:44:01.964534"
41,200,"2017-12-21 11:44:01.964534"
492,200,"2017-12-21 11:44:01.964534"
493,201,"2017-12-21 11:44:34.230784"
494,201,"2017-12-21 11:44:34.230784"
495,202,"2017-12-21 11:44:43.57887"
248,203,"2017-12-21 11:44:56.16861"
185,203,"2017-12-21 11:44:56.16861"
274,204,"2017-12-21 11:45:08.959799"
64,204,"2017-12-21 11:45:08.959799"
496,205,"2017-12-21 11:56:38.655372"
64,205,"2017-12-21 11:56:38.655372"
497,205,"2017-12-21 11:56:38.655372"
498,206,"2017-12-21 11:56:58.156666"
65,206,"2017-12-21 11:56:58.156666"
43,207,"2017-12-21 11:57:04.441538"
355,207,"2017-12-21 11:57:04.441538"
499,208,"2017-12-21 11:57:11.700289"
500,209,"2017-12-21 11:57:18.165684"
337,209,"2017-12-21 11:57:18.165684"
501,209,"2017-12-21 11:57:18.165684"
502,210,"2017-12-21 11:57:28.851053"
17,210,"2017-12-21 11:57:28.851053"
371,210,"2017-12-21 11:57:28.851053"
503,211,"2017-12-21 11:57:56.093505"
41,211,"2017-12-21 11:57:56.093505"
46,211,"2017-12-21 11:57:56.093505"
213,211,"2017-12-21 11:57:56.093505"
504,212,"2017-12-21 11:58:02.663504"
505,212,"2017-12-21 11:58:02.663504"
506,212,"2017-12-21 11:58:02.663504"
507,212,"2017-12-21 11:58:02.663504"
508,213,"2017-12-21 11:58:33.200255"
509,213,"2017-12-21 11:58:33.200255"
510,213,"2017-12-21 11:58:33.200255"
511,214,"2017-12-21 11:58:49.81498"
512,214,"2017-12-21 11:58:49.81498"
513,214,"2017-12-21 11:58:49.81498"
514,215,"2017-12-21 11:58:58.812685"
515,215,"2017-12-21 11:58:58.812685"
516,215,"2017-12-21 11:58:58.812685"
517,215,"2017-12-21 11:58:58.812685"
17,215,"2017-12-21 11:58:58.812685"
518,216,"2017-12-21 11:59:25.474487"
519,216,"2017-12-21 11:59:25.474487"
64,216,"2017-12-21 11:59:25.474487"
520,216,"2017-12-21 11:59:25.474487"
521,216,"2017-12-21 11:59:25.474487"
522,217,"2017-12-21 12:02:29.180946"
170,217,"2017-12-21 12:02:29.180946"
523,217,"2017-12-21 12:02:29.180946"
524,218,"2017-12-21 12:28:06.192191"
141,218,"2017-12-21 12:28:06.192191"
17,218,"2017-12-21 12:28:06.192191"
94,219,"2017-12-21 12:28:19.617091"
525,220,"2017-12-21 12:30:13.473254"
528,221,"2017-12-21 12:38:46.60885"
87,221,"2017-12-21 12:38:46.60885"
529,221,"2017-12-21 12:38:46.60885"
526,222,"2017-12-21 12:45:36.092659"
527,222,"2017-12-21 12:45:36.092659"
530,223,"2017-12-21 12:45:40.582302"
531,223,"2017-12-21 12:45:40.582302"
532,224,"2017-12-21 12:45:53.068446"
79,224,"2017-12-21 12:45:53.068446"
533,225,"2017-12-21 12:46:34.110128"
534,225,"2017-12-21 12:46:34.110128"
535,225,"2017-12-21 12:46:34.110128"
536,226,"2017-12-21 12:46:45.23985"
537,226,"2017-12-21 12:46:45.23985"
79,226,"2017-12-21 12:46:45.23985"
538,226,"2017-12-21 12:46:45.23985"
539,227,"2017-12-21 14:43:05.457675"
149,227,"2017-12-21 14:43:05.457675"
79,227,"2017-12-21 14:43:05.457675"
298,228,"2017-12-21 14:43:33.577865"
540,228,"2017-12-21 14:43:33.577865"
541,228,"2017-12-21 14:43:33.577865"
299,228,"2017-12-21 14:43:33.577865"
542,229,"2017-12-21 14:43:59.84683"
543,229,"2017-12-21 14:43:59.84683"
544,229,"2017-12-21 14:43:59.84683"
275,229,"2017-12-21 14:43:59.84683"
545,230,"2017-12-21 14:44:10.710168"
546,230,"2017-12-21 14:44:10.710168"
547,230,"2017-12-21 14:44:10.710168"
364,231,"2017-12-21 14:44:16.735281"
195,231,"2017-12-21 14:44:16.735281"
549,232,"2017-12-21 14:49:54.587393"
58,232,"2017-12-21 14:49:54.587393"
59,232,"2017-12-21 14:49:54.587393"
550,233,"2017-12-21 14:52:51.831127"
551,233,"2017-12-21 14:52:51.831127"
516,233,"2017-12-21 14:52:51.831127"
552,233,"2017-12-21 14:52:51.831127"
334,233,"2017-12-21 14:52:51.831127"
553,234,"2017-12-21 14:53:12.182324"
554,235,"2017-12-21 14:53:26.397602"
555,235,"2017-12-21 14:53:26.397602"
556,235,"2017-12-21 14:53:26.397602"
71,235,"2017-12-21 14:53:26.397602"
79,235,"2017-12-21 14:53:26.397602"
557,235,"2017-12-21 14:53:26.397602"
558,236,"2017-12-21 15:13:24.399776"
559,236,"2017-12-21 15:13:24.399776"
560,236,"2017-12-21 15:13:24.399776"
561,236,"2017-12-21 15:13:24.399776"
548,237,"2017-12-21 15:19:47.429225"
540,237,"2017-12-21 15:19:47.429225"
562,238,"2017-12-21 15:20:59.079871"
563,238,"2017-12-21 15:20:59.079871"
564,238,"2017-12-21 15:20:59.079871"
160,238,"2017-12-21 15:20:59.079871"
565,239,"2017-12-21 15:38:03.545224"
310,239,"2017-12-21 15:38:03.545224"
566,239,"2017-12-21 15:38:03.545224"
567,239,"2017-12-21 15:38:03.545224"
64,240,"2017-12-21 15:38:44.690004"
568,241,"2017-12-21 15:39:04.912253"
569,241,"2017-12-21 15:39:04.912253"
570,242,"2017-12-21 15:39:27.431807"
494,242,"2017-12-21 15:39:27.431807"
571,242,"2017-12-21 15:39:27.431807"
572,242,"2017-12-21 15:39:27.431807"
296,243,"2017-12-21 15:39:43.992526"
573,243,"2017-12-21 15:39:43.992526"
574,243,"2017-12-21 15:39:43.992526"
297,243,"2017-12-21 15:39:43.992526"
575,244,"2017-12-21 15:43:52.871721"
73,244,"2017-12-21 15:43:52.871721"
71,244,"2017-12-21 15:43:52.871721"
79,244,"2017-12-21 15:43:52.871721"
576,245,"2017-12-21 15:46:26.766526"
577,245,"2017-12-21 15:46:26.766526"
578,245,"2017-12-21 15:46:26.766526"
579,245,"2017-12-21 15:46:26.766526"
580,245,"2017-12-21 15:46:26.766526"
357,246,"2017-12-21 15:48:54.899445"
359,246,"2017-12-21 15:48:54.899445"
41,246,"2017-12-21 15:48:54.899445"
581,247,"2017-12-21 15:50:34.692978"
582,248,"2017-12-21 15:51:49.93508"
583,248,"2017-12-21 15:51:49.93508"
584,248,"2017-12-21 15:51:49.93508"
585,248,"2017-12-21 15:51:49.93508"
554,249,"2017-12-21 15:56:04.599708"
586,249,"2017-12-21 15:56:04.599708"
587,249,"2017-12-21 15:56:04.599708"
71,249,"2017-12-21 15:56:04.599708"
588,249,"2017-12-21 15:56:04.599708"
98,249,"2017-12-21 15:56:04.599708"
589,250,"2017-12-21 15:56:57.736023"
590,250,"2017-12-21 15:56:57.736023"
591,250,"2017-12-21 15:56:57.736023"
581,251,"2017-12-21 15:57:09.383144"
592,252,"2017-12-21 15:57:19.484961"
593,253,"2017-12-21 15:57:25.885161"
594,254,"2017-12-21 15:57:32.241503"
595,255,"2017-12-21 15:57:39.066331"
596,256,"2017-12-21 15:57:54.275622"
595,257,"2017-12-21 15:57:59.588035"
597,258,"2017-12-21 15:58:09.155165"
598,259,"2017-12-21 15:58:14.868408"
599,260,"2017-12-21 15:58:22.865848"
600,260,"2017-12-21 15:58:22.865848"
601,261,"2017-12-21 15:58:29.04761"
602,262,"2017-12-21 15:58:34.80189"
603,263,"2017-12-21 15:59:58.833181"
604,264,"2017-12-21 16:00:04.21926"
605,264,"2017-12-21 16:00:04.21926"
606,265,"2017-12-21 16:00:10.503173"
594,266,"2017-12-21 16:00:16.259241"
607,267,"2017-12-21 16:00:22.663299"
608,268,"2017-12-21 16:00:30.388042"
608,269,"2017-12-21 16:00:35.238174"
609,270,"2017-12-21 16:00:45.095222"
607,271,"2017-12-21 16:00:53.194265"
610,272,"2017-12-21 16:02:25.104306"
41,272,"2017-12-21 16:02:25.104306"
611,273,"2017-12-21 16:12:43.379113"
595,274,"2017-12-21 16:12:48.837698"
565,275,"2017-12-21 16:14:12.103578"
612,276,"2017-12-21 16:14:22.749811"
609,277,"2017-12-21 16:15:33.122493"
611,278,"2017-12-21 16:15:39.02723"
613,279,"2017-12-21 16:15:48.05277"
614,279,"2017-12-21 16:15:48.05277"
612,280,"2017-12-21 16:15:52.721939"
615,281,"2017-12-21 16:15:57.963446"
616,282,"2017-12-21 16:16:02.581429"
617,282,"2017-12-21 16:16:02.581429"
565,283,"2017-12-21 16:16:11.254484"
618,284,"2017-12-21 16:16:28.318454"
619,284,"2017-12-21 16:16:28.318454"
597,285,"2017-12-21 16:16:37.691502"
620,286,"2017-12-21 16:17:39.898171"
621,287,"2017-12-21 16:17:49.422726"
611,288,"2017-12-21 16:17:58.178741"
581,289,"2017-12-21 16:18:04.588308"
608,290,"2017-12-21 16:18:09.945425"
622,291,"2017-12-21 16:18:16.862143"
623,292,"2017-12-21 16:18:22.896928"
624,293,"2017-12-21 16:18:28.283706"
624,294,"2017-12-21 16:18:37.575772"
625,295,"2017-12-21 16:18:44.456491"
611,296,"2017-12-21 16:18:51.062283"
626,297,"2017-12-21 16:18:58.039017"
627,298,"2017-12-21 16:19:03.513502"
628,299,"2017-12-21 16:19:14.866743"
629,300,"2017-12-21 16:19:20.464475"
607,301,"2017-12-21 16:19:26.882867"
630,302,"2017-12-21 16:19:32.940317"
631,303,"2017-12-21 16:19:41.933772"
632,304,"2017-12-21 16:19:51.850443"
633,305,"2017-12-21 16:20:31.255752"
634,306,"2017-12-21 16:23:30.902661"
635,307,"2017-12-21 16:23:48.131585"
597,308,"2017-12-21 16:25:59.513623"
624,309,"2017-12-21 16:26:47.255813"
636,310,"2017-12-21 16:27:20.114992"
637,310,"2017-12-21 16:27:20.114992"
638,311,"2017-12-21 16:28:06.067254"
616,312,"2017-12-21 16:28:51.482649"
639,313,"2017-12-21 16:29:14.653786"
640,314,"2017-12-21 16:30:11.533848"
641,315,"2017-12-21 16:30:16.976618"
594,316,"2017-12-21 16:30:26.781592"
642,317,"2017-12-21 16:30:34.322852"
631,318,"2017-12-21 16:30:40.069373"
620,319,"2017-12-21 16:59:36.284985"
643,320,"2017-12-21 16:59:41.702388"
609,321,"2017-12-21 16:59:47.460668"
644,322,"2017-12-21 16:59:52.829723"
627,323,"2017-12-21 16:59:58.274329"
645,324,"2017-12-21 17:00:02.768185"
646,324,"2017-12-21 17:00:02.768185"
621,325,"2017-12-21 17:00:08.351199"
624,326,"2017-12-21 17:00:13.09153"
593,327,"2017-12-21 17:00:20.200749"
604,328,"2017-12-21 17:00:25.910625"
635,329,"2017-12-21 17:00:31.107116"
647,330,"2017-12-21 17:00:36.049186"
648,331,"2017-12-21 17:00:41.416397"
649,332,"2017-12-21 17:00:53.399756"
624,333,"2017-12-21 17:00:58.898905"
650,334,"2017-12-21 17:01:04.645674"
624,335,"2017-12-21 17:01:09.75413"
651,336,"2017-12-21 17:07:32.876213"
611,337,"2017-12-21 17:07:57.124418"
652,338,"2017-12-21 17:08:14.040198"
635,339,"2017-12-21 17:08:22.327465"
653,340,"2017-12-21 17:08:31.75198"
594,341,"2017-12-21 17:08:43.896874"
593,342,"2017-12-21 17:08:52.051773"
651,343,"2017-12-21 17:09:01.171293"
654,344,"2017-12-21 17:09:11.064567"
593,345,"2017-12-21 17:09:23.826366"
655,345,"2017-12-21 17:09:23.826366"
656,346,"2017-12-21 17:09:46.900421"
125,346,"2017-12-21 17:09:46.900421"
657,347,"2017-12-21 17:09:53.045722"
658,348,"2017-12-21 17:10:03.15213"
609,349,"2017-12-21 17:10:10.110975"
659,350,"2017-12-21 17:14:03.05867"
611,351,"2017-12-21 17:14:16.318819"
660,352,"2017-12-21 17:14:25.869577"
661,353,"2017-12-21 17:14:37.935537"
662,353,"2017-12-21 17:14:37.935537"
663,354,"2017-12-21 17:15:19.327207"
664,355,"2017-12-21 17:18:09.062916"
665,356,"2017-12-21 17:41:01.554727"
607,357,"2017-12-21 17:41:58.12226"
608,358,"2017-12-21 17:44:08.381798"
598,359,"2017-12-21 17:44:18.391476"
598,360,"2017-12-21 17:44:38.026073"
666,361,"2017-12-21 17:44:57.735619"
667,361,"2017-12-21 17:44:57.735619"
635,362,"2017-12-21 17:45:06.327239"
668,363,"2017-12-21 17:45:49.816981"
669,364,"2017-12-21 17:45:58.019034"
597,365,"2017-12-21 17:46:05.322144"
670,366,"2017-12-21 17:49:48.586075"
598,367,"2017-12-21 17:49:57.72168"
671,368,"2017-12-21 17:50:16.940577"
660,369,"2017-12-21 17:50:27.643136"
672,370,"2017-12-21 17:50:37.138028"
673,371,"2017-12-21 17:50:47.105184"
666,372,"2017-12-21 17:51:23.519819"
674,372,"2017-12-21 17:51:23.519819"
634,373,"2017-12-21 17:51:34.282986"
675,374,"2017-12-21 17:51:46.096987"
659,375,"2017-12-21 17:52:09.941208"
597,376,"2017-12-21 17:52:20.435387"
611,377,"2017-12-21 17:52:29.975399"
676,378,"2017-12-21 17:52:53.497683"
677,379,"2017-12-21 17:53:26.519174"
678,380,"2017-12-21 17:54:26.185038"
679,381,"2017-12-21 17:54:38.653954"
680,382,"2017-12-21 17:55:04.227566"
681,382,"2017-12-21 17:55:04.227566"
682,383,"2017-12-21 17:57:08.030983"
683,384,"2017-12-21 17:57:19.456486"
684,384,"2017-12-21 17:57:19.456486"
685,385,"2017-12-21 18:08:26.877388"
686,386,"2017-12-21 18:16:39.397574"
687,387,"2017-12-21 18:16:46.426066"
611,388,"2017-12-21 18:16:55.00743"
688,389,"2017-12-21 18:17:07.737178"
689,390,"2017-12-21 18:17:23.783417"
665,391,"2017-12-21 18:17:48.364459"
598,392,"2017-12-21 18:18:04.909987"
604,393,"2017-12-21 18:18:27.888152"
677,394,"2017-12-21 18:18:38.675191"
690,395,"2017-12-21 18:18:52.843263"
174,396,"2017-12-21 18:19:01.31306"
691,397,"2017-12-21 18:19:09.683859"
692,397,"2017-12-21 18:19:09.683859"
668,398,"2017-12-21 18:19:44.629343"
693,399,"2017-12-21 18:19:53.722939"
694,400,"2017-12-21 18:19:59.904067"
653,401,"2017-12-21 18:20:07.846424"
616,401,"2017-12-21 18:20:07.846424"
695,402,"2017-12-21 18:20:16.917805"
635,403,"2017-12-21 18:33:12.953569"
696,404,"2017-12-21 18:34:02.018741"
697,405,"2017-12-21 18:34:12.291874"
608,406,"2017-12-21 18:34:22.26164"
640,407,"2017-12-21 18:34:32.927236"
597,408,"2017-12-21 18:34:42.49355"
698,409,"2017-12-21 18:34:50.578215"
683,410,"2017-12-21 18:35:28.316378"
684,410,"2017-12-21 18:35:28.316378"
699,411,"2017-12-21 18:35:42.245608"
700,412,"2017-12-21 18:35:50.359311"
607,413,"2017-12-21 18:35:57.443982"
701,414,"2017-12-21 18:41:16.799177"
604,415,"2017-12-21 18:41:30.657672"
621,416,"2017-12-21 18:41:38.472962"
684,417,"2017-12-21 18:41:47.499339"
683,417,"2017-12-21 18:41:47.499339"
702,418,"2017-12-21 18:42:49.298567"
593,419,"2017-12-21 18:43:02.812369"
703,420,"2017-12-21 18:43:18.018462"
704,420,"2017-12-21 18:43:18.018462"
705,421,"2017-12-21 18:43:34.141186"
706,422,"2017-12-21 18:44:03.001912"
707,423,"2017-12-21 18:44:21.90626"
659,424,"2017-12-21 18:44:34.251371"
708,425,"2017-12-21 18:46:12.695959"
709,426,"2017-12-21 18:51:03.106007"
607,427,"2017-12-21 18:51:34.211103"
710,428,"2017-12-21 18:51:43.447287"
711,429,"2017-12-21 18:51:52.063735"
597,430,"2017-12-21 18:52:05.950344"
652,431,"2017-12-21 18:52:51.517957"
282,432,"2017-12-21 18:54:58.447715"
712,433,"2017-12-21 18:55:10.117461"
713,434,"2017-12-21 18:55:19.896595"
690,435,"2017-12-21 18:55:54.747429"
714,436,"2017-12-21 18:56:12.55064"
677,437,"2017-12-21 18:56:32.771421"
609,438,"2017-12-21 18:56:54.680314"
715,439,"2017-12-21 19:03:24.173665"
630,440,"2017-12-21 19:03:38.591284"
125,441,"2017-12-21 19:06:29.927662"
716,442,"2017-12-21 19:06:43.184614"
717,443,"2017-12-21 19:25:45.248292"
718,444,"2017-12-21 19:25:57.750411"
612,445,"2017-12-22 08:46:37.148371"
719,446,"2017-12-22 08:46:42.701169"
720,447,"2017-12-22 08:46:46.884615"
721,448,"2017-12-22 08:46:51.360073"
722,449,"2017-12-22 08:46:57.652"
723,450,"2017-12-22 08:47:01.853956"
717,451,"2017-12-22 08:47:06.056697"
724,452,"2017-12-22 08:47:10.38463"
725,453,"2017-12-22 08:47:16.916005"
726,454,"2017-12-22 08:47:20.885883"
696,455,"2017-12-22 08:47:25.224865"
727,456,"2017-12-22 08:47:30.052759"
728,457,"2017-12-22 08:47:34.871021"
729,458,"2017-12-22 08:47:42.223632"
713,459,"2017-12-22 08:47:47.157479"
666,460,"2017-12-22 08:47:51.308697"
730,460,"2017-12-22 08:47:51.308697"
731,461,"2017-12-22 08:47:55.789693"
627,462,"2017-12-22 08:47:59.477515"
732,463,"2017-12-22 08:48:08.41112"
680,464,"2017-12-22 08:48:12.760206"
681,464,"2017-12-22 08:48:12.760206"
727,465,"2017-12-22 08:48:17.198916"
609,466,"2017-12-22 08:48:21.338899"
656,467,"2017-12-22 08:48:26.540901"
733,468,"2017-12-22 08:48:31.259643"
734,469,"2017-12-22 08:48:36.04474"
735,470,"2017-12-22 08:48:40.030159"
605,470,"2017-12-22 08:48:40.030159"
626,471,"2017-12-22 08:48:44.626952"
638,472,"2017-12-22 08:48:49.139767"
592,473,"2017-12-22 09:28:35.483426"
736,474,"2017-12-22 09:28:41.096759"
668,475,"2017-12-22 09:28:45.315957"
737,476,"2017-12-22 09:28:49.577738"
604,477,"2017-12-22 09:28:54.055664"
660,478,"2017-12-22 09:28:59.098353"
609,479,"2017-12-22 09:29:03.135598"
629,480,"2017-12-22 09:29:09.057005"
624,481,"2017-12-22 09:29:13.463786"
738,482,"2017-12-22 09:29:18.37842"
638,483,"2017-12-22 09:29:23.20651"
739,484,"2017-12-22 09:29:28.095134"
740,484,"2017-12-22 09:29:28.095134"
737,485,"2017-12-22 09:29:32.037633"
741,486,"2017-12-22 09:29:37.225303"
742,487,"2017-12-22 09:30:55.283248"
743,488,"2017-12-22 09:30:59.556314"
719,489,"2017-12-22 09:31:04.343916"
744,490,"2017-12-22 09:31:08.683462"
745,491,"2017-12-22 09:31:13.293069"
714,492,"2017-12-22 09:31:17.73774"
592,493,"2017-12-22 09:31:22.388189"
746,494,"2017-12-22 09:31:42.257569"
747,495,"2017-12-22 09:31:46.423463"
748,496,"2017-12-22 09:31:50.563287"
604,497,"2017-12-22 09:31:57.369382"
663,498,"2017-12-22 09:32:10.364437"
749,499,"2017-12-22 09:32:15.976792"
750,500,"2017-12-22 09:32:22.968287"
